GroupId,ID,Inchi,m/z,RT,Adduct,Sum composition,Common name,Lipid class,Session,Identification name
1,LMSP01080061,FFZVMOYYSHXZHW-MXSQXUFFSA-N,432.3063,1.61,[M+H]+,0:0,"Sphingofungin A","Sphingoid base analogs",,"SP"
2,LMSP01080061,FFZVMOYYSHXZHW-MXSQXUFFSA-N,432.3151,1.87,[M+H]+,0:0,"Sphingofungin A","Sphingoid base analogs",,"SP"
3,LMSP03010002,HZCLJRFPXMKWHR-FEBLJDHQSA-N,647.5136,12.43,[M+H]+,30:1,"SM(d18:1/12:0)","Ceramide phosphocholines (sphingomyelins)",,"SP"
4,LMSP03010034,PEJGMBUENJSLLH-RHAKMSQVSA-N,673.5296,12.69,[M+H]+,32:2,"SM(d18:2/14:0)","Ceramide phosphocholines (sphingomyelins)",,"SP"
5,LMSP03010034,PEJGMBUENJSLLH-RHAKMSQVSA-N,695.5114,12.69,[M+Na]+,32:2,"SM(d18:2/14:0)","Ceramide phosphocholines (sphingomyelins)",,"SP"
6,LMSP03010034,PEJGMBUENJSLLH-RHAKMSQVSA-N,673.5294,13.00,[M+H]+,32:2,"SM(d18:2/14:0)","Ceramide phosphocholines (sphingomyelins)",,"SP"
7,LMSP03010079,AAKFURSPBCUAIO-SZAHLOSFSA-N,649.5297,13.14,[M+H]+,30:0,"SM(d18:0/12:0)","Ceramide phosphocholines (sphingomyelins)",,"SP"
8,LMSP03010036,YHBBZTIPONDTRX-TVUHHANTSA-N,687.5451,13.70,[M+H]+,33:2,"SM(d18:2/15:0)","Ceramide phosphocholines (sphingomyelins)",,"SP"
9,LMSP03010035,RPTUKVYGSPDHGQ-PSALXKTOSA-N,675.5446,13.93,[M+H]+,32:1,"SM(d16:1/16:0)","Ceramide phosphocholines (sphingomyelins)",,"SP"
9,LMSP03010028,KYICBZWZQPCUMO-PSALXKTOSA-N,675.5446,13.93,[M+H]+,32:1,"SM(d18:1/14:0)","Ceramide phosphocholines (sphingomyelins)",,"SP"
10,LMSP02010007,XWBWIAOWSABHFI-NUKVNZTCSA-N,594.5832,14.00,[M+H]+,38:1,"Cer(d18:1/20:0)","N-acylsphingosines (ceramides)",,"SP"
10,LMSP02010040,UVBMEPQTWFQHAF-NUKVNZTCSA-N,594.5832,14.00,[M+H]+,38:1,"Cer(d14:1/24:0)","N-acylsphingosines (ceramides)",,"SP"
10,LMSP02010016,RIGQYOKCOHPLTC-NUKVNZTCSA-N,594.5832,14.00,[M+H]+,38:1,"Cer(d16:1/22:0)","N-acylsphingosines (ceramides)",,"SP"
11,LMSP02010002,HXFPPRPLRSPNIB-VARSQMIESA-N,482.4576,14.07,[M+H]+,30:1,"Cer(d18:1/12:0)","N-acylsphingosines (ceramides)",,"SP"
11,LMSP02010033,OCXQIBPNDRJADM-VARSQMIESA-N,482.4576,14.07,[M+H]+,30:1,"Cer(d14:1/16:0)","N-acylsphingosines (ceramides)",,"SP"
12,LMSP03010035,RPTUKVYGSPDHGQ-PSALXKTOSA-N,675.5444,14.25,[M+H]+,32:1,"SM(d16:1/16:0)","Ceramide phosphocholines (sphingomyelins)",,"SP"
12,LMSP03010028,KYICBZWZQPCUMO-PSALXKTOSA-N,675.5444,14.25,[M+H]+,32:1,"SM(d18:1/14:0)","Ceramide phosphocholines (sphingomyelins)",,"SP"
13,LMSP03010035,RPTUKVYGSPDHGQ-PSALXKTOSA-N,697.5262,14.25,[M+Na]+,32:1,"SM(d16:1/16:0)","Ceramide phosphocholines (sphingomyelins)",,"SP"
13,LMSP03010028,KYICBZWZQPCUMO-PSALXKTOSA-N,697.5262,14.25,[M+Na]+,32:1,"SM(d18:1/14:0)","Ceramide phosphocholines (sphingomyelins)",,"SP"
14,LMSP02010022,AUQQFMIQRLJZOX-VEXYDXEZSA-N,508.4729,14.27,[M+H]+,32:2,"Cer(d18:2/14:0)","N-acylsphingosines (ceramides)",,"SP"
15,LMSP03010036,YHBBZTIPONDTRX-TVUHHANTSA-N,687.5439,14.46,[M+H]+,33:2,"SM(d18:2/15:0)","Ceramide phosphocholines (sphingomyelins)",,"SP"
16,LMSP03010040,QQFVICUNTBNUKN-QQRIYSRRSA-N,701.5601,14.46,[M+H]+,34:2,"SM(d16:1/18:1)","Ceramide phosphocholines (sphingomyelins)",,"SP"
16,LMSP03010041,OAHFTKWSJGVMTG-MBIABJCFSA-N,701.5601,14.46,[M+H]+,34:2,"SM(d18:1/16:1)","Ceramide phosphocholines (sphingomyelins)",,"SP"
16,LMSP03010090,YLWSJLLZUHSIEA-CKSUKHGVSA-N,701.5601,14.46,[M+H]+,34:2,"SM(d18:2/16:0)","Ceramide phosphocholines (sphingomyelins)",,"SP"
17,LMSP03010040,QQFVICUNTBNUKN-QQRIYSRRSA-N,723.5420,14.46,[M+Na]+,34:2,"SM(d16:1/18:1)","Ceramide phosphocholines (sphingomyelins)",,"SP"
17,LMSP03010041,OAHFTKWSJGVMTG-MBIABJCFSA-N,723.5420,14.46,[M+Na]+,34:2,"SM(d18:1/16:1)","Ceramide phosphocholines (sphingomyelins)",,"SP"
17,LMSP03010090,YLWSJLLZUHSIEA-CKSUKHGVSA-N,723.5420,14.46,[M+Na]+,34:2,"SM(d18:2/16:0)","Ceramide phosphocholines (sphingomyelins)",,"SP"
18,LMSP02010022,AUQQFMIQRLJZOX-VEXYDXEZSA-N,508.4735,14.53,[M+H]+,32:2,"Cer(d18:2/14:0)","N-acylsphingosines (ceramides)",,"SP"
19,LMSP03010047,YMTVMVYOUDDTQJ-UOMMIRHQSA-N,727.5741,14.65,[M+H]+,36:3,"SM(d18:2/18:1)","Ceramide phosphocholines (sphingomyelins)",,"SP"
20,LMSP03010040,QQFVICUNTBNUKN-QQRIYSRRSA-N,723.5420,14.74,[M+Na]+,34:2,"SM(d16:1/18:1)","Ceramide phosphocholines (sphingomyelins)",,"SP"
20,LMSP03010041,OAHFTKWSJGVMTG-MBIABJCFSA-N,723.5420,14.74,[M+Na]+,34:2,"SM(d18:1/16:1)","Ceramide phosphocholines (sphingomyelins)",,"SP"
20,LMSP03010090,YLWSJLLZUHSIEA-CKSUKHGVSA-N,723.5420,14.74,[M+Na]+,34:2,"SM(d18:2/16:0)","Ceramide phosphocholines (sphingomyelins)",,"SP"
21,LMSP03010040,QQFVICUNTBNUKN-QQRIYSRRSA-N,701.5596,14.75,[M+H]+,34:2,"SM(d16:1/18:1)","Ceramide phosphocholines (sphingomyelins)",,"SP"
21,LMSP03010041,OAHFTKWSJGVMTG-MBIABJCFSA-N,701.5596,14.75,[M+H]+,34:2,"SM(d18:1/16:1)","Ceramide phosphocholines (sphingomyelins)",,"SP"
21,LMSP03010090,YLWSJLLZUHSIEA-CKSUKHGVSA-N,701.5596,14.75,[M+H]+,34:2,"SM(d18:2/16:0)","Ceramide phosphocholines (sphingomyelins)",,"SP"
22,LMSP03010037,CGMZWBZSOINWHL-YPDYIYJKSA-N,689.5597,14.80,[M+H]+,33:1,"SM(d16:1/17:0)","Ceramide phosphocholines (sphingomyelins)",,"SP"
22,LMSP03010038,LQINJRUGTUOHGS-YPDYIYJKSA-N,689.5597,14.80,[M+H]+,33:1,"SM(d18:1/15:0)","Ceramide phosphocholines (sphingomyelins)",,"SP"
23,LMSP03010047,YMTVMVYOUDDTQJ-UOMMIRHQSA-N,727.5754,14.87,[M+H]+,36:3,"SM(d18:2/18:1)","Ceramide phosphocholines (sphingomyelins)",,"SP"
24,LMSP03010030,MJAFYELZQYPMQG-MPQUPPDSSA-N,677.5594,14.88,[M+H]+,32:0,"SM(d18:0/14:0)","Ceramide phosphocholines (sphingomyelins)",,"SP"
25,LMSP03010047,YMTVMVYOUDDTQJ-UOMMIRHQSA-N,727.5755,15.08,[M+H]+,36:3,"SM(d18:2/18:1)","Ceramide phosphocholines (sphingomyelins)",,"SP"
26,LMSP03010037,CGMZWBZSOINWHL-YPDYIYJKSA-N,711.5415,15.08,[M+Na]+,33:1,"SM(d16:1/17:0)","Ceramide phosphocholines (sphingomyelins)",,"SP"
26,LMSP03010038,LQINJRUGTUOHGS-YPDYIYJKSA-N,711.5415,15.08,[M+Na]+,33:1,"SM(d18:1/15:0)","Ceramide phosphocholines (sphingomyelins)",,"SP"
27,LMSP03010037,CGMZWBZSOINWHL-YPDYIYJKSA-N,689.5597,15.08,[M+H]+,33:1,"SM(d16:1/17:0)","Ceramide phosphocholines (sphingomyelins)",,"SP"
27,LMSP03010038,LQINJRUGTUOHGS-YPDYIYJKSA-N,689.5597,15.08,[M+H]+,33:1,"SM(d18:1/15:0)","Ceramide phosphocholines (sphingomyelins)",,"SP"
28,LMSP02010023,WVUMVKXTENDFEA-RLCAHUBLSA-N,522.4888,15.17,[M+H]+,33:2,"Cer(d18:2/15:0)","N-acylsphingosines (ceramides)",,"SP"
29,LMSP03010042,OQCPQFVKIYWGRP-GWQJGLRPSA-N,703.5752,15.60,[M+H]+,34:1,"SM(d16:1/18:0)","Ceramide phosphocholines (sphingomyelins)",,"SP"
29,LMSP03010043,VJLGWXPICWQEGB-GWQJGLRPSA-N,703.5752,15.60,[M+H]+,34:1,"SM(d17:1/17:0)","Ceramide phosphocholines (sphingomyelins)",,"SP"
29,LMSP03010003,RWKUXQNLWDTSLO-GWQJGLRPSA-N,703.5752,15.60,[M+H]+,34:1,"SM(d18:1/16:0)","Ceramide phosphocholines (sphingomyelins)",,"SP"
30,LMSP03010042,OQCPQFVKIYWGRP-GWQJGLRPSA-N,725.5570,15.61,[M+Na]+,34:1,"SM(d16:1/18:0)","Ceramide phosphocholines (sphingomyelins)",,"SP"
30,LMSP03010043,VJLGWXPICWQEGB-GWQJGLRPSA-N,725.5570,15.61,[M+Na]+,34:1,"SM(d17:1/17:0)","Ceramide phosphocholines (sphingomyelins)",,"SP"
30,LMSP03010003,RWKUXQNLWDTSLO-GWQJGLRPSA-N,725.5570,15.61,[M+Na]+,34:1,"SM(d18:1/16:0)","Ceramide phosphocholines (sphingomyelins)",,"SP"
31,LMSP02010008,KEPQASGDXIEOIL-GLQCRSEXSA-N,622.6137,15.64,[M+H]+,40:1,"Cer(d18:1/22:0)","N-acylsphingosines (ceramides)",,"SP"
31,LMSP02010042,ASKHOXZWEDLQAR-GLQCRSEXSA-N,622.6137,15.64,[M+H]+,40:1,"Cer(d14:1/26:0)","N-acylsphingosines (ceramides)",,"SP"
31,LMSP02010050,UVOIUTYXLKCPEC-GLQCRSEXSA-N,622.6137,15.64,[M+H]+,40:1,"Cer(d16:1/24:0)","N-acylsphingosines (ceramides)",,"SP"
32,LMSP03010091,MOOVXYQLXUAUJU-PQQNNWGCSA-N,691.5751,15.73,[M+H]+,33:0,"SM(d18:0/15:0)","Ceramide phosphocholines (sphingomyelins)",,"SP"
33,LMSP02010001,ZKRPGPZHULJLKJ-JHRQRACZSA-N,510.4887,15.74,[M+H]+,32:1,"Cer(d18:1/14:0)","N-acylsphingosines (ceramides)",,"SP"
33,LMSP02010034,NCKNBDIYAHEWMH-JHRQRACZSA-N,510.4887,15.74,[M+H]+,32:1,"Cer(d14:1/18:0)","N-acylsphingosines (ceramides)",,"SP"
34,LMSP03010037,CGMZWBZSOINWHL-YPDYIYJKSA-N,689.5601,15.80,[M+H]+,33:1,"SM(d16:1/17:0)","Ceramide phosphocholines (sphingomyelins)",,"SP"
34,LMSP03010038,LQINJRUGTUOHGS-YPDYIYJKSA-N,689.5601,15.80,[M+H]+,33:1,"SM(d18:1/15:0)","Ceramide phosphocholines (sphingomyelins)",,"SP"
35,LMSP03010042,OQCPQFVKIYWGRP-GWQJGLRPSA-N,703.5750,15.86,[M+H]+,34:1,"SM(d16:1/18:0)","Ceramide phosphocholines (sphingomyelins)",,"SP"
35,LMSP03010043,VJLGWXPICWQEGB-GWQJGLRPSA-N,703.5750,15.86,[M+H]+,34:1,"SM(d17:1/17:0)","Ceramide phosphocholines (sphingomyelins)",,"SP"
35,LMSP03010003,RWKUXQNLWDTSLO-GWQJGLRPSA-N,703.5750,15.86,[M+H]+,34:1,"SM(d18:1/16:0)","Ceramide phosphocholines (sphingomyelins)",,"SP"
36,LMSP03010003,RWKUXQNLWDTSLO-GWQJGLRPSA-N,725.5567,15.87,[M+Na]+,34:1,"SM(d18:1/16:0)","Ceramide phosphocholines (sphingomyelins)",,"SP"
36,LMSP03010042,OQCPQFVKIYWGRP-GWQJGLRPSA-N,725.5567,15.87,[M+Na]+,34:1,"SM(d16:1/18:0)","Ceramide phosphocholines (sphingomyelins)",,"SP"
36,LMSP03010043,VJLGWXPICWQEGB-GWQJGLRPSA-N,725.5567,15.87,[M+Na]+,34:1,"SM(d17:1/17:0)","Ceramide phosphocholines (sphingomyelins)",,"SP"
37,LMSP02010024,XXWRZIYYFPIQHE-XPAOSYCESA-N,536.5039,15.90,[M+H]+,34:2,"Cer(d18:2/16:0)","N-acylsphingosines (ceramides)",,"SP"
38,LMSP03010048,YTBRKOHFRDWGKO-XZNYDZQTSA-N,751.5719,16.10,[M+Na]+,36:2,"SM(d16:1/20:1)","Ceramide phosphocholines (sphingomyelins)",,"SP"
38,LMSP03010049,LOHIJJRFCAEEGY-QPYJHBIRSA-N,751.5719,16.10,[M+Na]+,36:2,"SM(d18:0/18:2)","Ceramide phosphocholines (sphingomyelins)",,"SP"
38,LMSP03010029,NBEADXWAAWCCDG-QDDWGVBQSA-N,751.5719,16.10,[M+Na]+,36:2,"SM(d18:1/18:1(9Z))","Ceramide phosphocholines (sphingomyelins)",,"SP"
38,LMSP03010050,NELGJAUZKNHZLS-NUIAMLAYSA-N,751.5719,16.10,[M+Na]+,36:2,"SM(d18:2/18:0)","Ceramide phosphocholines (sphingomyelins)",,"SP"
38,LMSP03010051,DELUIIJGTFULDH-GJEZKOHMSA-N,751.5719,16.10,[M+Na]+,36:2,"SM(d19:1/17:1)","Ceramide phosphocholines (sphingomyelins)",,"SP"
39,LMSP03010048,YTBRKOHFRDWGKO-XZNYDZQTSA-N,729.5903,16.11,[M+H]+,36:2,"SM(d16:1/20:1)","Ceramide phosphocholines (sphingomyelins)",,"SP"
39,LMSP03010049,LOHIJJRFCAEEGY-QPYJHBIRSA-N,729.5903,16.11,[M+H]+,36:2,"SM(d18:0/18:2)","Ceramide phosphocholines (sphingomyelins)",,"SP"
39,LMSP03010029,NBEADXWAAWCCDG-QDDWGVBQSA-N,729.5903,16.11,[M+H]+,36:2,"SM(d18:1/18:1(9Z))","Ceramide phosphocholines (sphingomyelins)",,"SP"
39,LMSP03010050,NELGJAUZKNHZLS-NUIAMLAYSA-N,729.5903,16.11,[M+H]+,36:2,"SM(d18:2/18:0)","Ceramide phosphocholines (sphingomyelins)",,"SP"
39,LMSP03010051,DELUIIJGTFULDH-GJEZKOHMSA-N,729.5903,16.11,[M+H]+,36:2,"SM(d19:1/17:1)","Ceramide phosphocholines (sphingomyelins)",,"SP"
40,LMSP02010024,XXWRZIYYFPIQHE-XPAOSYCESA-N,536.5039,16.14,[M+H]+,34:2,"Cer(d18:2/16:0)","N-acylsphingosines (ceramides)",,"SP"
41,LMSP03010042,OQCPQFVKIYWGRP-GWQJGLRPSA-N,703.5746,16.15,[M+H]+,34:1,"SM(d16:1/18:0)","Ceramide phosphocholines (sphingomyelins)",,"SP"
41,LMSP03010043,VJLGWXPICWQEGB-GWQJGLRPSA-N,703.5746,16.15,[M+H]+,34:1,"SM(d17:1/17:0)","Ceramide phosphocholines (sphingomyelins)",,"SP"
41,LMSP03010003,RWKUXQNLWDTSLO-GWQJGLRPSA-N,703.5746,16.15,[M+H]+,34:1,"SM(d18:1/16:0)","Ceramide phosphocholines (sphingomyelins)",,"SP"
42,LMSP02020016,UDTSZXVRDXQARY-IOWSJCHKSA-N,512.5041,16.25,[M+H]+,32:0,"Cer(d18:0/14:0)","N-acylsphinganines (dihydroceramides)",,"SP"
43,LMSP03010048,YTBRKOHFRDWGKO-XZNYDZQTSA-N,751.5720,16.27,[M+Na]+,36:2,"SM(d16:1/20:1)","Ceramide phosphocholines (sphingomyelins)",,"SP"
43,LMSP03010049,LOHIJJRFCAEEGY-QPYJHBIRSA-N,751.5720,16.27,[M+Na]+,36:2,"SM(d18:0/18:2)","Ceramide phosphocholines (sphingomyelins)",,"SP"
43,LMSP03010029,NBEADXWAAWCCDG-QDDWGVBQSA-N,751.5720,16.27,[M+Na]+,36:2,"SM(d18:1/18:1(9Z))","Ceramide phosphocholines (sphingomyelins)",,"SP"
43,LMSP03010050,NELGJAUZKNHZLS-NUIAMLAYSA-N,751.5720,16.27,[M+Na]+,36:2,"SM(d18:2/18:0)","Ceramide phosphocholines (sphingomyelins)",,"SP"
43,LMSP03010051,DELUIIJGTFULDH-GJEZKOHMSA-N,751.5720,16.27,[M+Na]+,36:2,"SM(d19:1/17:1)","Ceramide phosphocholines (sphingomyelins)",,"SP"
44,LMSP03010044,YMQZQHIESOAPQH-JXGHDCMNSA-N,717.5906,16.27,[M+H]+,35:1,"SM(d18:1/17:0)","Ceramide phosphocholines (sphingomyelins)",,"SP"
44,LMSP03010045,LHFJEPSCFVKEET-JXGHDCMNSA-N,717.5906,16.27,[M+H]+,35:1,"SM(d19:1/16:0)","Ceramide phosphocholines (sphingomyelins)",,"SP"
45,LMSP03010042,OQCPQFVKIYWGRP-GWQJGLRPSA-N,725.5570,16.28,[M+Na]+,34:1,"SM(d16:1/18:0)","Ceramide phosphocholines (sphingomyelins)",,"SP"
45,LMSP03010043,VJLGWXPICWQEGB-GWQJGLRPSA-N,725.5570,16.28,[M+Na]+,34:1,"SM(d17:1/17:0)","Ceramide phosphocholines (sphingomyelins)",,"SP"
45,LMSP03010003,RWKUXQNLWDTSLO-GWQJGLRPSA-N,725.5570,16.28,[M+Na]+,34:1,"SM(d18:1/16:0)","Ceramide phosphocholines (sphingomyelins)",,"SP"
46,LMSP03010042,OQCPQFVKIYWGRP-GWQJGLRPSA-N,703.5747,16.40,[M+H]+,34:1,"SM(d16:1/18:0)","Ceramide phosphocholines (sphingomyelins)",,"SP"
46,LMSP03010043,VJLGWXPICWQEGB-GWQJGLRPSA-N,703.5747,16.40,[M+H]+,34:1,"SM(d17:1/17:0)","Ceramide phosphocholines (sphingomyelins)",,"SP"
46,LMSP03010003,RWKUXQNLWDTSLO-GWQJGLRPSA-N,703.5747,16.40,[M+H]+,34:1,"SM(d18:1/16:0)","Ceramide phosphocholines (sphingomyelins)",,"SP"
47,LMSP03010004,QHZIGNLCLJPLCU-QPPIDDCLSA-N,705.5907,16.47,[M+H]+,34:0,"SM(d18:0/16:0)","Ceramide phosphocholines (sphingomyelins)",,"SP"
48,LMSP02010015,QBFXCLDNTKBAPQ-STSAHMJASA-N,524.5040,16.49,[M+H]+,33:1,"Cer(d16:1/17:0)","N-acylsphingosines (ceramides)",,"SP"
49,LMSP03010004,QHZIGNLCLJPLCU-QPPIDDCLSA-N,727.5730,16.49,[M+Na]+,34:0,"SM(d18:0/16:0)","Ceramide phosphocholines (sphingomyelins)",,"SP"
50,LMSP02020029,NQXMVCBJWMTLGK-XIWRNSNHSA-N,556.5302,16.53,[M+H]+,34:0,"Cer(d18:0/16:0(2OH))","N-acylsphinganines (dihydroceramides)",,"SP"
51,LMSP02010004,YDNKGFDKKRUKPY-TURZORIXSA-N,538.5198,16.60,[M+H]+,34:1,"Cer(d18:1/16:0)","N-acylsphingosines (ceramides)",,"SP"
52,LMSP03010045,LHFJEPSCFVKEET-JXGHDCMNSA-N,739.5724,16.69,[M+Na]+,35:1,"SM(d19:1/16:0)","Ceramide phosphocholines (sphingomyelins)",,"SP"
52,LMSP03010044,YMQZQHIESOAPQH-JXGHDCMNSA-N,739.5724,16.69,[M+Na]+,35:1,"SM(d18:1/17:0)","Ceramide phosphocholines (sphingomyelins)",,"SP"
53,LMSP03010044,YMQZQHIESOAPQH-JXGHDCMNSA-N,717.5899,16.69,[M+H]+,35:1,"SM(d18:1/17:0)","Ceramide phosphocholines (sphingomyelins)",,"SP"
53,LMSP03010045,LHFJEPSCFVKEET-JXGHDCMNSA-N,717.5899,16.69,[M+H]+,35:1,"SM(d19:1/16:0)","Ceramide phosphocholines (sphingomyelins)",,"SP"
54,LMSP00000004,OMAZTBDOTJASLA-RLLISAASSA-N,522.5249,16.87,[M+H]+,34:1,"Cer(m18:1(4E)/16:0)","Other Sphingolipids",,"SP"
55,LMSP02010004,YDNKGFDKKRUKPY-TURZORIXSA-N,538.5199,16.94,[M+H]+,34:1,"Cer(d18:1/16:0)","N-acylsphingosines (ceramides)",,"SP"
56,LMSP02020021,IZHDCKVGRKOGIB-AJQTZOPKSA-N,526.5198,16.97,[M+H]+,33:0,"Cer(d18:0/15:0)","N-acylsphingosines (ceramides)",,"SP"
57,LMSP00000004,OMAZTBDOTJASLA-RLLISAASSA-N,522.5247,17.12,[M+H]+,34:1,"Cer(m18:1(4E)/16:0)","Other Sphingolipids",,"SP"
58,LMSP03010052,CYAOJEYKBPRRNW-YJFXYUILSA-N,731.6064,17.14,[M+H]+,36:1,"SM(d16:1/20:0)","Ceramide phosphocholines (sphingomyelins)",,"SP"
58,LMSP03010031,XYLWKHKCYHMVMA-RVPJYPCXSA-N,731.6064,17.14,[M+H]+,36:1,"SM(d18:0/18:1(9Z))","Ceramide phosphocholines (sphingomyelins)",,"SP"
58,LMSP03010001,LKQLRGMMMAHREN-YJFXYUILSA-N,731.6064,17.14,[M+H]+,36:1,"SM(d18:1/18:0)","Ceramide phosphocholines (sphingomyelins)",,"SP"
59,LMSP02010004,YDNKGFDKKRUKPY-TURZORIXSA-N,538.5199,17.21,[M+H]+,34:1,"Cer(d18:1/16:0)","N-acylsphingosines (ceramides)",,"SP"
60,LMSP03010046,GKFSHMJHEJYCCJ-ZESVVUHVSA-N,719.6060,17.25,[M+H]+,35:0,"SM(d18:0/17:0)","Ceramide phosphocholines (sphingomyelins)",,"SP"
61,LMSP02010003,OBFSLMQLPNKVRW-RHPAUOISSA-N,564.5347,17.37,[M+H]+,36:2,"Cer(d18:1/18:1(9Z))","N-acylsphingosines (ceramides)",,"SP"
61,LMSP02010048,KJWGMPZYFNAPCL-NRHMQPLPSA-N,564.5347,17.37,[M+H]+,36:2,"Cer(d16:1/20:1)","N-acylsphingosines (ceramides)",,"SP"
61,LMSP02010063,CDTYDKBHVRLHEC-PEJBPPBMSA-N,564.5347,17.37,[M+H]+,36:2,"Cer(d16:2(4E,6E)/20:0)","N-acylsphingosines (ceramides)",,"SP"
61,LMSP02010039,MGQBWVJCEDJUHQ-NAAOEUOBSA-N,564.5347,17.37,[M+H]+,36:2,"Cer(d14:1/22:1)","N-acylsphingosines (ceramides)",,"SP"
61,LMSP02010056,KKPFDXYNZHDJIR-PEJBPPBMSA-N,564.5347,17.37,[M+H]+,36:2,"Cer(d14:2(4E,6E)/22:0)","N-acylsphingosines (ceramides)",,"SP"
62,LMSP03010001,LKQLRGMMMAHREN-YJFXYUILSA-N,753.5896,17.39,[M+Na]+,36:1,"SM(d18:1/18:0)","Ceramide phosphocholines (sphingomyelins)",,"SP"
62,LMSP03010052,CYAOJEYKBPRRNW-YJFXYUILSA-N,753.5896,17.39,[M+Na]+,36:1,"SM(d16:1/20:0)","Ceramide phosphocholines (sphingomyelins)",,"SP"
62,LMSP03010031,XYLWKHKCYHMVMA-RVPJYPCXSA-N,753.5896,17.39,[M+Na]+,36:1,"SM(d18:0/18:1(9Z))","Ceramide phosphocholines (sphingomyelins)",,"SP"
63,LMSP03010052,CYAOJEYKBPRRNW-YJFXYUILSA-N,731.6062,17.42,[M+H]+,36:1,"SM(d16:1/20:0)","Ceramide phosphocholines (sphingomyelins)",,"SP"
63,LMSP03010031,XYLWKHKCYHMVMA-RVPJYPCXSA-N,731.6062,17.42,[M+H]+,36:1,"SM(d18:0/18:1(9Z))","Ceramide phosphocholines (sphingomyelins)",,"SP"
63,LMSP03010001,LKQLRGMMMAHREN-YJFXYUILSA-N,731.6062,17.42,[M+H]+,36:1,"SM(d18:1/18:0)","Ceramide phosphocholines (sphingomyelins)",,"SP"
64,LMSP03010058,KPTCFDRXDCXXSG-GKAOGSCXSA-N,757.6222,17.58,[M+H]+,38:2,"SM(d16:1/22:1)","Ceramide phosphocholines (sphingomyelins)",,"SP"
64,LMSP03010059,MDRFMTLYKHBJTF-NQYLGBTJSA-N,757.6222,17.58,[M+H]+,38:2,"SM(d18:1/20:1)","Ceramide phosphocholines (sphingomyelins)",,"SP"
64,LMSP03010060,AVRBPMOVOVMYAM-PQTKZFJVSA-N,757.6222,17.58,[M+H]+,38:2,"SM(d18:2/20:0)","Ceramide phosphocholines (sphingomyelins)",,"SP"
65,LMSP03010058,KPTCFDRXDCXXSG-GKAOGSCXSA-N,779.6042,17.59,[M+Na]+,38:2,"SM(d16:1/22:1)","Ceramide phosphocholines (sphingomyelins)",,"SP"
65,LMSP03010059,MDRFMTLYKHBJTF-NQYLGBTJSA-N,779.6042,17.59,[M+Na]+,38:2,"SM(d18:1/20:1)","Ceramide phosphocholines (sphingomyelins)",,"SP"
65,LMSP03010060,AVRBPMOVOVMYAM-PQTKZFJVSA-N,779.6042,17.59,[M+Na]+,38:2,"SM(d18:2/20:0)","Ceramide phosphocholines (sphingomyelins)",,"SP"
66,LMSP02020001,GCGTXOVNNFGTPQ-JHOUSYSJSA-N,540.5355,17.69,[M+H]+,34:0,"Cer(d18:0/16:0)","N-acylsphinganines (dihydroceramides)",,"SP"
67,LMSP03010070,FMJPKVXVBYILLP-FTRJIJDXSA-N,805.6217,17.70,[M+Na]+,40:3,"SM(d18:2/22:1)","Ceramide phosphocholines (sphingomyelins)",,"SP"
68,LMSP03010058,KPTCFDRXDCXXSG-GKAOGSCXSA-N,757.6223,17.71,[M+H]+,38:2,"SM(d16:1/22:1)","Ceramide phosphocholines (sphingomyelins)",,"SP"
68,LMSP03010059,MDRFMTLYKHBJTF-NQYLGBTJSA-N,757.6223,17.71,[M+H]+,38:2,"SM(d18:1/20:1)","Ceramide phosphocholines (sphingomyelins)",,"SP"
68,LMSP03010060,AVRBPMOVOVMYAM-PQTKZFJVSA-N,757.6223,17.71,[M+H]+,38:2,"SM(d18:2/20:0)","Ceramide phosphocholines (sphingomyelins)",,"SP"
69,LMSP02050007,RURFWJXZZZCIOZ-KPEYJIHVSA-N,728.6033,17.72,[M+H]+,42:2,"CerP(d18:1/24:1(15Z))","Ceramide 1-phosphates",,"SP"
70,LMSP03010055,HAFQHLHNPJDAGB-MAJDXUCPSA-N,745.6225,17.78,[M+H]+,37:1,"SM(d18:1/19:0)","Ceramide phosphocholines (sphingomyelins)",,"SP"
70,LMSP03010056,NOYQZHGWDLGLMO-MAJDXUCPSA-N,745.6225,17.78,[M+H]+,37:1,"SM(d19:1/18:0)","Ceramide phosphocholines (sphingomyelins)",,"SP"
71,LMSP00000019,XDORUNOFOLESEM-JHOUSYSJSA-N,524.5406,17.88,[M+H]+,34:0,"Cer(m18:0/16:0)","Other Sphingolipids",,"SP"
72,LMSP02020001,GCGTXOVNNFGTPQ-JHOUSYSJSA-N,540.5356,17.92,[M+H]+,34:0,"Cer(d18:0/16:0)","N-acylsphinganines (dihydroceramides)",,"SP"
73,LMSP02010020,ICWGMOFDULMCFL-QKSCFGQVSA-N,552.5356,17.92,[M+H]+,35:1,"Cer(d18:1/17:0)","N-acylsphingosines (ceramides)",,"SP"
73,LMSP02010043,SLZWCRVFSKONQF-QKSCFGQVSA-N,552.5356,17.92,[M+H]+,35:1,"Cer(d15:1/20:0)","N-acylsphingosines (ceramides)",,"SP"
74,LMSP03010064,SDUGEKJCGFHJRC-IYXZHQORSA-N,771.6379,17.92,[M+H]+,39:2,"SM(d18:2/21:0)","Ceramide phosphocholines (sphingomyelins)",,"SP"
75,LMSP03010053,YFAPMGSREHKRHM-IOLBBIBUSA-N,755.6047,17.96,[M+Na]+,36:0,"SM(d16:0/20:0)","Ceramide phosphocholines (sphingomyelins)",,"SP"
75,LMSP03010020,JCELSEVNSMXGKA-IOLBBIBUSA-N,755.6047,17.96,[M+Na]+,36:0,"SM(d18:0/18:0)","Ceramide phosphocholines (sphingomyelins)",,"SP"
75,LMSP03010054,MFSIVYFLTVWNCY-IOLBBIBUSA-N,755.6047,17.96,[M+Na]+,36:0,"SM(d19:0/17:0)","Ceramide phosphocholines (sphingomyelins)",,"SP"
76,LMSP03010053,YFAPMGSREHKRHM-IOLBBIBUSA-N,733.6224,17.96,[M+H]+,36:0,"SM(d16:0/20:0)","Ceramide phosphocholines (sphingomyelins)",,"SP"
76,LMSP03010020,JCELSEVNSMXGKA-IOLBBIBUSA-N,733.6224,17.96,[M+H]+,36:0,"SM(d18:0/18:0)","Ceramide phosphocholines (sphingomyelins)",,"SP"
76,LMSP03010054,MFSIVYFLTVWNCY-IOLBBIBUSA-N,733.6224,17.96,[M+H]+,36:0,"SM(d19:0/17:0)","Ceramide phosphocholines (sphingomyelins)",,"SP"
77,LMSP00000019,XDORUNOFOLESEM-JHOUSYSJSA-N,524.5407,18.13,[M+H]+,34:0,"Cer(m18:0/16:0)","Other Sphingolipids",,"SP"
78,LMSP00000005,WKFFJTRQKXSEOH-UPWYEYIYSA-N,550.5563,18.22,[M+H]+,36:1,"Cer(m18:1(4E)/18:0)","Other Sphingolipids",,"SP"
79,LMSP00000005,WKFFJTRQKXSEOH-UPWYEYIYSA-N,550.5538,18.42,[M+H]+,36:1,"Cer(m18:1(4E)/18:0)","Other Sphingolipids",,"SP"
80,LMSP03010071,FOULCGVQZYQEQM-DNXGLLHMSA-N,785.6536,18.56,[M+H]+,40:2,"SM(d16:1/24:1)","Ceramide phosphocholines (sphingomyelins)",,"SP"
80,LMSP03010072,VBFKEZGCUWHGSK-ADSSWVSQSA-N,785.6536,18.56,[M+H]+,40:2,"SM(d18:1/22:1)","Ceramide phosphocholines (sphingomyelins)",,"SP"
80,LMSP03010092,APNZBDYCMWLVNM-NWHASJFHSA-N,785.6536,18.56,[M+H]+,40:2,"SM(d18:2/22:0)","Ceramide phosphocholines (sphingomyelins)",,"SP"
81,LMSP03010071,FOULCGVQZYQEQM-DNXGLLHMSA-N,807.6373,18.58,[M+Na]+,40:2,"SM(d16:1/24:1)","Ceramide phosphocholines (sphingomyelins)",,"SP"
81,LMSP03010072,VBFKEZGCUWHGSK-ADSSWVSQSA-N,807.6373,18.58,[M+Na]+,40:2,"SM(d18:1/22:1)","Ceramide phosphocholines (sphingomyelins)",,"SP"
81,LMSP03010092,APNZBDYCMWLVNM-NWHASJFHSA-N,807.6373,18.58,[M+Na]+,40:2,"SM(d18:2/22:0)","Ceramide phosphocholines (sphingomyelins)",,"SP"
82,LMSP02010006,VODZWWMEJITOND-NXCSZAMKSA-N,566.5513,18.59,[M+H]+,36:1,"Cer(d18:1/18:0)","N-acylsphingosines (ceramides)",,"SP"
83,LMSP03010080,TXFLWJQVQCDUDZ-BRUGZULGSA-N,833.6509,18.66,[M+Na]+,42:3,"SM(d18:2/24:1)","Ceramide phosphocholines (sphingomyelins)",,"SP"
84,LMSP03010080,TXFLWJQVQCDUDZ-BRUGZULGSA-N,811.6691,18.66,[M+H]+,42:3,"SM(d18:2/24:1)","Ceramide phosphocholines (sphingomyelins)",,"SP"
85,LMSP02010026,FNIDWIWVIDQZRV-FDPIOYFLSA-N,592.5657,18.70,[M+H]+,38:2,"Cer(d18:2/20:0)","N-acylsphingosines (ceramides)",,"SP"
86,LMSP03010080,TXFLWJQVQCDUDZ-BRUGZULGSA-N,833.6519,18.76,[M+Na]+,42:3,"SM(d18:2/24:1)","Ceramide phosphocholines (sphingomyelins)",,"SP"
87,LMSP03010061,XNBRFUCJENKXCT-SVLGDMRNSA-N,781.6205,18.77,[M+Na]+,38:1,"SM(d16:1/22:0)","Ceramide phosphocholines (sphingomyelins)",,"SP"
87,LMSP03010005,AADLTHQNYQJHQV-SVLGDMRNSA-N,781.6205,18.77,[M+Na]+,38:1,"SM(d18:1/20:0)","Ceramide phosphocholines (sphingomyelins)",,"SP"
88,LMSP03010061,XNBRFUCJENKXCT-SVLGDMRNSA-N,759.6379,18.78,[M+H]+,38:1,"SM(d16:1/22:0)","Ceramide phosphocholines (sphingomyelins)",,"SP"
88,LMSP03010005,AADLTHQNYQJHQV-SVLGDMRNSA-N,759.6379,18.78,[M+H]+,38:1,"SM(d18:1/20:0)","Ceramide phosphocholines (sphingomyelins)",,"SP"
89,LMSP03010071,FOULCGVQZYQEQM-DNXGLLHMSA-N,807.6354,18.86,[M+Na]+,40:2,"SM(d16:1/24:1)","Ceramide phosphocholines (sphingomyelins)",,"SP"
89,LMSP03010072,VBFKEZGCUWHGSK-ADSSWVSQSA-N,807.6354,18.86,[M+Na]+,40:2,"SM(d18:1/22:1)","Ceramide phosphocholines (sphingomyelins)",,"SP"
89,LMSP03010092,APNZBDYCMWLVNM-NWHASJFHSA-N,807.6354,18.86,[M+Na]+,40:2,"SM(d18:2/22:0)","Ceramide phosphocholines (sphingomyelins)",,"SP"
90,LMSP03010071,FOULCGVQZYQEQM-DNXGLLHMSA-N,785.6536,18.87,[M+H]+,40:2,"SM(d16:1/24:1)","Ceramide phosphocholines (sphingomyelins)",,"SP"
90,LMSP03010072,VBFKEZGCUWHGSK-ADSSWVSQSA-N,785.6536,18.87,[M+H]+,40:2,"SM(d18:1/22:1)","Ceramide phosphocholines (sphingomyelins)",,"SP"
90,LMSP03010092,APNZBDYCMWLVNM-NWHASJFHSA-N,785.6536,18.87,[M+H]+,40:2,"SM(d18:2/22:0)","Ceramide phosphocholines (sphingomyelins)",,"SP"
91,LMSP02010026,FNIDWIWVIDQZRV-FDPIOYFLSA-N,592.5661,18.89,[M+H]+,38:2,"Cer(d18:2/20:0)","N-acylsphingosines (ceramides)",,"SP"
92,LMSP02010007,XWBWIAOWSABHFI-NUKVNZTCSA-N,594.5826,19.05,[M+H]+,38:1,"Cer(d18:1/20:0)","N-acylsphingosines (ceramides)",,"SP"
92,LMSP02010040,UVBMEPQTWFQHAF-NUKVNZTCSA-N,594.5826,19.05,[M+H]+,38:1,"Cer(d14:1/24:0)","N-acylsphingosines (ceramides)",,"SP"
92,LMSP02010016,RIGQYOKCOHPLTC-NUKVNZTCSA-N,594.5826,19.05,[M+H]+,38:1,"Cer(d16:1/22:0)","N-acylsphingosines (ceramides)",,"SP"
93,LMSP03010065,DZDNLWWCTCDASI-QVDCKBILSA-N,773.6537,19.12,[M+H]+,39:1,"SM(d16:1/23:0)","Ceramide phosphocholines (sphingomyelins)",,"SP"
93,LMSP03010066,BEHLQMQPYDCEFC-QVDCKBILSA-N,773.6537,19.12,[M+H]+,39:1,"SM(d17:1/22:0)","Ceramide phosphocholines (sphingomyelins)",,"SP"
93,LMSP03010067,YXSZOBWVQJIWNE-QVDCKBILSA-N,773.6537,19.12,[M+H]+,39:1,"SM(d18:1/21:0)","Ceramide phosphocholines (sphingomyelins)",,"SP"
93,LMSP03010068,JZLHFUHATYARJO-QVDCKBILSA-N,773.6537,19.12,[M+H]+,39:1,"SM(d19:1/20:0)","Ceramide phosphocholines (sphingomyelins)",,"SP"
93,LMSP03010069,FLTXAPKFZKCZJQ-QVDCKBILSA-N,773.6537,19.12,[M+H]+,39:1,"SM(d20:1/19:0)","Ceramide phosphocholines (sphingomyelins)",,"SP"
94,LMSP03010074,POQOEIGODOXWFL-HIMVLHDZSA-N,821.6550,19.16,[M+Na]+,41:2,"SM(d17:1/24:1)","Ceramide phosphocholines (sphingomyelins)",,"SP"
94,LMSP03010075,JBDGKEXQKCCQFK-JWQIMADESA-N,821.6550,19.16,[M+Na]+,41:2,"SM(d18:2/23:0)","Ceramide phosphocholines (sphingomyelins)",,"SP"
95,LMSP03010074,POQOEIGODOXWFL-HIMVLHDZSA-N,799.6692,19.16,[M+H]+,41:2,"SM(d17:1/24:1)","Ceramide phosphocholines (sphingomyelins)",,"SP"
95,LMSP03010075,JBDGKEXQKCCQFK-JWQIMADESA-N,799.6692,19.16,[M+H]+,41:2,"SM(d18:2/23:0)","Ceramide phosphocholines (sphingomyelins)",,"SP"
96,LMSP02010032,SNMLDULQFHAZRC-RQDJVNCUSA-N,580.5669,19.20,[M+H]+,37:1,"Cer(d18:1/19:0)","N-acylsphingosines (ceramides)",,"SP"
96,LMSP02010044,ZZNBYSFYKZPNOI-RQDJVNCUSA-N,580.5669,19.20,[M+H]+,37:1,"Cer(d15:1/22:0)","N-acylsphingosines (ceramides)",,"SP"
97,LMSP03010063,GNOXDGYZVABQJZ-ACEXITHZSA-N,761.6529,19.29,[M+H]+,38:0,"SM(d16:0/22:0)","Ceramide phosphocholines (sphingomyelins)",,"SP"
97,LMSP03010021,UGRZESKDAPEULH-ACEXITHZSA-N,761.6529,19.29,[M+H]+,38:0,"SM(d18:0/20:0)","Ceramide phosphocholines (sphingomyelins)",,"SP"
98,LMSP03010065,DZDNLWWCTCDASI-QVDCKBILSA-N,773.6536,19.39,[M+H]+,39:1,"SM(d16:1/23:0)","Ceramide phosphocholines (sphingomyelins)",,"SP"
98,LMSP03010066,BEHLQMQPYDCEFC-QVDCKBILSA-N,773.6536,19.39,[M+H]+,39:1,"SM(d17:1/22:0)","Ceramide phosphocholines (sphingomyelins)",,"SP"
98,LMSP03010067,YXSZOBWVQJIWNE-QVDCKBILSA-N,773.6536,19.39,[M+H]+,39:1,"SM(d18:1/21:0)","Ceramide phosphocholines (sphingomyelins)",,"SP"
98,LMSP03010068,JZLHFUHATYARJO-QVDCKBILSA-N,773.6536,19.39,[M+H]+,39:1,"SM(d19:1/20:0)","Ceramide phosphocholines (sphingomyelins)",,"SP"
98,LMSP03010069,FLTXAPKFZKCZJQ-QVDCKBILSA-N,773.6536,19.39,[M+H]+,39:1,"SM(d20:1/19:0)","Ceramide phosphocholines (sphingomyelins)",,"SP"
99,LMSP03010065,DZDNLWWCTCDASI-QVDCKBILSA-N,795.6368,19.41,[M+Na]+,39:1,"SM(d16:1/23:0)","Ceramide phosphocholines (sphingomyelins)",,"SP"
99,LMSP03010066,BEHLQMQPYDCEFC-QVDCKBILSA-N,795.6368,19.41,[M+Na]+,39:1,"SM(d17:1/22:0)","Ceramide phosphocholines (sphingomyelins)",,"SP"
99,LMSP03010067,YXSZOBWVQJIWNE-QVDCKBILSA-N,795.6368,19.41,[M+Na]+,39:1,"SM(d18:1/21:0)","Ceramide phosphocholines (sphingomyelins)",,"SP"
99,LMSP03010068,JZLHFUHATYARJO-QVDCKBILSA-N,795.6368,19.41,[M+Na]+,39:1,"SM(d19:1/20:0)","Ceramide phosphocholines (sphingomyelins)",,"SP"
99,LMSP03010069,FLTXAPKFZKCZJQ-QVDCKBILSA-N,795.6368,19.41,[M+Na]+,39:1,"SM(d20:1/19:0)","Ceramide phosphocholines (sphingomyelins)",,"SP"
100,LMSP00000006,BDOKQOQOGQPDCY-QJWMWEEBSA-N,578.5877,19.45,[M+H]+,38:1,"Cer(m18:1(4E)/20:0)","Other Sphingolipids",,"SP"
101,LMSP02010050,UVOIUTYXLKCPEC-GLQCRSEXSA-N,622.6231,19.45,[M+H]+,40:1,"Cer(d16:1/24:0)","N-acylsphingosines (ceramides)",,"SP"
101,LMSP02010008,KEPQASGDXIEOIL-GLQCRSEXSA-N,622.6231,19.45,[M+H]+,40:1,"Cer(d18:1/22:0)","N-acylsphingosines (ceramides)",,"SP"
101,LMSP02010042,ASKHOXZWEDLQAR-GLQCRSEXSA-N,622.6231,19.45,[M+H]+,40:1,"Cer(d14:1/26:0)","N-acylsphingosines (ceramides)",,"SP"
102,LMSP03010074,POQOEIGODOXWFL-HIMVLHDZSA-N,799.6694,19.48,[M+H]+,41:2,"SM(d17:1/24:1)","Ceramide phosphocholines (sphingomyelins)",,"SP"
102,LMSP03010075,JBDGKEXQKCCQFK-JWQIMADESA-N,799.6694,19.48,[M+H]+,41:2,"SM(d18:2/23:0)","Ceramide phosphocholines (sphingomyelins)",,"SP"
103,LMSP03010074,POQOEIGODOXWFL-HIMVLHDZSA-N,821.6511,19.50,[M+Na]+,41:2,"SM(d17:1/24:1)","Ceramide phosphocholines (sphingomyelins)",,"SP"
103,LMSP03010075,JBDGKEXQKCCQFK-JWQIMADESA-N,821.6511,19.50,[M+Na]+,41:2,"SM(d18:2/23:0)","Ceramide phosphocholines (sphingomyelins)",,"SP"
104,LMSP02010067,ZYACUODQFDXZJK-WCQDKGKNSA-N,620.5982,19.56,[M+H]+,40:2,"Cer(d16:2(4E,6E)/24:0)","N-acylsphingosines (ceramides)",,"SP"
104,LMSP02010029,HILTUFAERVOALR-MQXYEJFFSA-N,620.5982,19.56,[M+H]+,40:2,"Cer(d18:2/22:0)","N-acylsphingosines (ceramides)",,"SP"
105,LMSP03010073,ZMVICCPXQQIKAC-TWKUQIQBSA-N,809.6557,19.71,[M+Na]+,40:1,"SM(d16:1/24:0)","Ceramide phosphocholines (sphingomyelins)",,"SP"
105,LMSP03010006,FJJANLYCZUNFSE-TWKUQIQBSA-N,809.6557,19.71,[M+Na]+,40:1,"SM(d18:1/22:0)","Ceramide phosphocholines (sphingomyelins)",,"SP"
106,LMSP03010007,WKZHECFHXLTOLJ-QYKFWSDSSA-N,813.6850,19.71,[M+H]+,42:2,"SM(d18:1/24:1(15Z))","Ceramide phosphocholines (sphingomyelins)",,"SP"
106,LMSP03010081,DACOGJMBYLZYDH-GXJPFUDISA-N,813.6850,19.71,[M+H]+,42:2,"SM(d18:2/24:0)","Ceramide phosphocholines (sphingomyelins)",,"SP"
107,LMSP03010007,WKZHECFHXLTOLJ-QYKFWSDSSA-N,835.6667,19.71,[M+Na]+,42:2,"SM(d18:1/24:1(15Z))","Ceramide phosphocholines (sphingomyelins)",,"SP"
107,LMSP03010081,DACOGJMBYLZYDH-GXJPFUDISA-N,835.6667,19.71,[M+Na]+,42:2,"SM(d18:2/24:0)","Ceramide phosphocholines (sphingomyelins)",,"SP"
108,LMSP03010073,ZMVICCPXQQIKAC-TWKUQIQBSA-N,787.6695,19.74,[M+H]+,40:1,"SM(d16:1/24:0)","Ceramide phosphocholines (sphingomyelins)",,"SP"
108,LMSP03010006,FJJANLYCZUNFSE-TWKUQIQBSA-N,787.6695,19.74,[M+H]+,40:1,"SM(d18:1/22:0)","Ceramide phosphocholines (sphingomyelins)",,"SP"
109,LMSP02010028,VIXPILYZZUPVAX-PQSYLBTKSA-N,628.5517,19.77,[M+Na]+,39:2,"Cer(d18:2/21:0)","N-acylsphingosines (ceramides)",,"SP"
110,LMSP02010016,RIGQYOKCOHPLTC-NUKVNZTCSA-N,594.5825,19.78,[M+H]+,38:1,"Cer(d16:1/22:0)","N-acylsphingosines (ceramides)",,"SP"
110,LMSP02010007,XWBWIAOWSABHFI-NUKVNZTCSA-N,594.5825,19.78,[M+H]+,38:1,"Cer(d18:1/20:0)","N-acylsphingosines (ceramides)",,"SP"
111,LMSP02010029,HILTUFAERVOALR-MQXYEJFFSA-N,620.5981,19.86,[M+H]+,40:2,"Cer(d18:2/22:0)","N-acylsphingosines (ceramides)",,"SP"
112,LMSP03010073,ZMVICCPXQQIKAC-TWKUQIQBSA-N,809.6515,19.96,[M+Na]+,40:1,"SM(d16:1/24:0)","Ceramide phosphocholines (sphingomyelins)",,"SP"
112,LMSP03010006,FJJANLYCZUNFSE-TWKUQIQBSA-N,809.6515,19.96,[M+Na]+,40:1,"SM(d18:1/22:0)","Ceramide phosphocholines (sphingomyelins)",,"SP"
113,LMSP03010073,ZMVICCPXQQIKAC-TWKUQIQBSA-N,787.6696,19.97,[M+H]+,40:1,"SM(d16:1/24:0)","Ceramide phosphocholines (sphingomyelins)",,"SP"
113,LMSP03010006,FJJANLYCZUNFSE-TWKUQIQBSA-N,787.6696,19.97,[M+H]+,40:1,"SM(d18:1/22:0)","Ceramide phosphocholines (sphingomyelins)",,"SP"
114,LMSP03010007,WKZHECFHXLTOLJ-QYKFWSDSSA-N,835.6670,20.00,[M+Na]+,42:2,"SM(d18:1/24:1(15Z))","Ceramide phosphocholines (sphingomyelins)",,"SP"
114,LMSP03010081,DACOGJMBYLZYDH-GXJPFUDISA-N,835.6670,20.00,[M+Na]+,42:2,"SM(d18:2/24:0)","Ceramide phosphocholines (sphingomyelins)",,"SP"
115,LMSP03010007,WKZHECFHXLTOLJ-QYKFWSDSSA-N,813.6852,20.00,[M+H]+,42:2,"SM(d18:1/24:1(15Z))","Ceramide phosphocholines (sphingomyelins)",,"SP"
115,LMSP03010081,DACOGJMBYLZYDH-GXJPFUDISA-N,813.6852,20.00,[M+H]+,42:2,"SM(d18:2/24:0)","Ceramide phosphocholines (sphingomyelins)",,"SP"
116,LMSP03010082,MFOZKYNROBQPRM-VKGJADIPSA-N,827.7002,20.00,[M+H]+,43:2,"SM(d17:1/26:1)","Ceramide phosphocholines (sphingomyelins)",,"SP"
116,LMSP03010083,PBROMOQAZGFDHQ-GPQOMLTASA-N,827.7002,20.00,[M+H]+,43:2,"SM(d18:2/25:0)","Ceramide phosphocholines (sphingomyelins)",,"SP"
116,LMSP03010084,BJXQFQDUJVIUAH-XSFBYAMLSA-N,827.7002,20.00,[M+H]+,43:2,"SM(d19:1/24:1)","Ceramide phosphocholines (sphingomyelins)",,"SP"
117,LMSP03010023,XZBDYCJQWJNNJB-CFLZVKAOSA-N,837.6815,20.06,[M+Na]+,42:1,"SM(d18:0/24:1(15Z))","Ceramide phosphocholines (sphingomyelins)",,"SP"
117,LMSP03010008,QEDPUVGSSDPBMD-XTAIVQBESA-N,837.6815,20.06,[M+Na]+,42:1,"SM(d18:1/24:0)","Ceramide phosphocholines (sphingomyelins)",,"SP"
118,LMSP02010030,ZMECGTOWDUDJOX-YOFLLLADSA-N,634.6143,20.09,[M+H]+,41:2,"Cer(d18:2/23:0)","N-acylsphingosines (ceramides)",,"SP"
119,LMSP02010008,KEPQASGDXIEOIL-GLQCRSEXSA-N,622.6139,20.14,[M+H]+,40:1,"Cer(d18:1/22:0)","N-acylsphingosines (ceramides)",,"SP"
119,LMSP02010042,ASKHOXZWEDLQAR-GLQCRSEXSA-N,622.6139,20.14,[M+H]+,40:1,"Cer(d14:1/26:0)","N-acylsphingosines (ceramides)",,"SP"
119,LMSP02010050,UVOIUTYXLKCPEC-GLQCRSEXSA-N,622.6139,20.14,[M+H]+,40:1,"Cer(d16:1/24:0)","N-acylsphingosines (ceramides)",,"SP"
120,LMSP02020032,NNLQQNODNROHPW-BFNXHEPRSA-N,640.6247,20.25,[M+H]+,40:0,"Cer(d18:0/22:0(2OH))","N-acylsphinganines (dihydroceramides)",,"SP"
121,LMSP03010076,LQSSZIQDYCHSLD-NMIJJABPSA-N,823.6675,20.28,[M+Na]+,41:1,"SM(d16:1/25:0)","Ceramide phosphocholines (sphingomyelins)",,"SP"
121,LMSP03010077,NBEKBSIOEMQZTN-NMIJJABPSA-N,823.6675,20.28,[M+Na]+,41:1,"SM(d17:1/24:0)","Ceramide phosphocholines (sphingomyelins)",,"SP"
121,LMSP03010078,SXZWBNWTCVLZJN-NMIJJABPSA-N,823.6675,20.28,[M+Na]+,41:1,"SM(d18:1/23:0)","Ceramide phosphocholines (sphingomyelins)",,"SP"
122,LMSP03010082,MFOZKYNROBQPRM-VKGJADIPSA-N,849.6829,20.28,[M+Na]+,43:2,"SM(d17:1/26:1)","Ceramide phosphocholines (sphingomyelins)",,"SP"
122,LMSP03010083,PBROMOQAZGFDHQ-GPQOMLTASA-N,849.6829,20.28,[M+Na]+,43:2,"SM(d18:2/25:0)","Ceramide phosphocholines (sphingomyelins)",,"SP"
122,LMSP03010084,BJXQFQDUJVIUAH-XSFBYAMLSA-N,849.6829,20.28,[M+Na]+,43:2,"SM(d19:1/24:1)","Ceramide phosphocholines (sphingomyelins)",,"SP"
123,LMSP03010082,MFOZKYNROBQPRM-VKGJADIPSA-N,827.7008,20.28,[M+H]+,43:2,"SM(d17:1/26:1)","Ceramide phosphocholines (sphingomyelins)",,"SP"
123,LMSP03010083,PBROMOQAZGFDHQ-GPQOMLTASA-N,827.7008,20.28,[M+H]+,43:2,"SM(d18:2/25:0)","Ceramide phosphocholines (sphingomyelins)",,"SP"
123,LMSP03010084,BJXQFQDUJVIUAH-XSFBYAMLSA-N,827.7008,20.28,[M+H]+,43:2,"SM(d19:1/24:1)","Ceramide phosphocholines (sphingomyelins)",,"SP"
124,LMSP03010076,LQSSZIQDYCHSLD-NMIJJABPSA-N,801.6857,20.30,[M+H]+,41:1,"SM(d16:1/25:0)","Ceramide phosphocholines (sphingomyelins)",,"SP"
124,LMSP03010077,NBEKBSIOEMQZTN-NMIJJABPSA-N,801.6857,20.30,[M+H]+,41:1,"SM(d17:1/24:0)","Ceramide phosphocholines (sphingomyelins)",,"SP"
124,LMSP03010078,SXZWBNWTCVLZJN-NMIJJABPSA-N,801.6857,20.30,[M+H]+,41:1,"SM(d18:1/23:0)","Ceramide phosphocholines (sphingomyelins)",,"SP"
125,LMSP02010017,WYSRACVJQVNCRW-PQPBPFPMSA-N,608.5986,20.31,[M+H]+,39:1,"Cer(d16:1/23:0)","N-acylsphingosines (ceramides)",,"SP"
125,LMSP02010045,JJKDXNZRDLNBGR-PQPBPFPMSA-N,608.5986,20.31,[M+H]+,39:1,"Cer(d15:1/24:0)","N-acylsphingosines (ceramides)",,"SP"
126,LMSP02010010,RBWQERGGVBSKJY-BWFPRIDFSA-N,676.6714,20.33,[M+H]+,44:2,"Cer(d18:1/26:1(17Z))","N-acylsphingosines (ceramides)",,"SP"
127,LMSP00000010,FZEIPTFJIHXKQL-OSHZVMBRSA-N,632.6334,20.33,[M+H]+,42:2,"Cer(m18:1(4E)/24:1(15Z))","Other Sphingolipids",,"SP"
128,LMSP02010030,ZMECGTOWDUDJOX-YOFLLLADSA-N,634.6141,20.38,[M+H]+,41:2,"Cer(d18:2/23:0)","N-acylsphingosines (ceramides)",,"SP"
129,LMSP03010022,FONAXCRWZQFJHY-JCGOJSMZSA-N,789.6845,20.42,[M+H]+,40:0,"SM(d18:0/22:0)","Ceramide phosphocholines (sphingomyelins)",,"SP"
130,LMSP02010009,VJSBNBBOSZJDKB-KPEYJIHVSA-N,648.6298,20.47,[M+H]+,42:2,"Cer(d18:1/24:1(15Z))","N-acylsphingosines (ceramides)",,"SP"
131,LMSP00000017,DAGLNHFUFDIHKX-PQQNNWGCSA-N,580.6035,20.49,[M+H]+,38:0,"Cer(m18:0/20:0)","Other Sphingolipids",,"SP"
132,LMSP03010076,LQSSZIQDYCHSLD-NMIJJABPSA-N,801.6852,20.51,[M+H]+,41:1,"SM(d16:1/25:0)","Ceramide phosphocholines (sphingomyelins)",,"SP"
132,LMSP03010077,NBEKBSIOEMQZTN-NMIJJABPSA-N,801.6852,20.51,[M+H]+,41:1,"SM(d17:1/24:0)","Ceramide phosphocholines (sphingomyelins)",,"SP"
132,LMSP03010078,SXZWBNWTCVLZJN-NMIJJABPSA-N,801.6852,20.51,[M+H]+,41:1,"SM(d18:1/23:0)","Ceramide phosphocholines (sphingomyelins)",,"SP"
133,LMSP03010076,LQSSZIQDYCHSLD-NMIJJABPSA-N,823.6670,20.51,[M+Na]+,41:1,"SM(d16:1/25:0)","Ceramide phosphocholines (sphingomyelins)",,"SP"
133,LMSP03010077,NBEKBSIOEMQZTN-NMIJJABPSA-N,823.6670,20.51,[M+Na]+,41:1,"SM(d17:1/24:0)","Ceramide phosphocholines (sphingomyelins)",,"SP"
133,LMSP03010078,SXZWBNWTCVLZJN-NMIJJABPSA-N,823.6670,20.51,[M+Na]+,41:1,"SM(d18:1/23:0)","Ceramide phosphocholines (sphingomyelins)",,"SP"
134,LMSP02010012,ZJVVOYPTFQEGPH-AUTSUKAISA-N,650.6571,20.52,[M+H]+,42:1,"Cer(d18:1/24:0)","N-acylsphingosines (ceramides)",,"SP"
135,LMSP00000007,GIVCYRSEMPVPDJ-FZWDWFDPSA-N,606.6192,20.52,[M+H]+,40:1,"Cer(m18:1(4E)/22:0)","Other Sphingolipids",,"SP"
136,LMSP03010082,MFOZKYNROBQPRM-VKGJADIPSA-N,827.7003,20.53,[M+H]+,43:2,"SM(d17:1/26:1)","Ceramide phosphocholines (sphingomyelins)",,"SP"
136,LMSP03010083,PBROMOQAZGFDHQ-GPQOMLTASA-N,827.7003,20.53,[M+H]+,43:2,"SM(d18:2/25:0)","Ceramide phosphocholines (sphingomyelins)",,"SP"
136,LMSP03010084,BJXQFQDUJVIUAH-XSFBYAMLSA-N,827.7003,20.53,[M+H]+,43:2,"SM(d19:1/24:1)","Ceramide phosphocholines (sphingomyelins)",,"SP"
137,LMSP02010009,VJSBNBBOSZJDKB-KPEYJIHVSA-N,648.6299,20.61,[M+H]+,42:2,"Cer(d18:1/24:1(15Z))","N-acylsphingosines (ceramides)",,"SP"
138,LMSP03010009,YXEXWUZHFGYOHJ-UOJCCMJYSA-N,841.7162,20.82,[M+H]+,44:2,"SM(d18:1/26:1(17Z))","Ceramide phosphocholines (sphingomyelins)",,"SP"
139,LMSP02010008,KEPQASGDXIEOIL-GLQCRSEXSA-N,622.6142,20.82,[M+H]+,40:1,"Cer(d18:1/22:0)","N-acylsphingosines (ceramides)",,"SP"
140,LMSP02010009,VJSBNBBOSZJDKB-KPEYJIHVSA-N,648.6297,20.87,[M+H]+,42:2,"Cer(d18:1/24:1(15Z))","N-acylsphingosines (ceramides)",,"SP"
141,LMSP02030002,ZFUXWVVVWGWGPQ-KGXKBISVSA-N,684.6507,20.96,[M+H]+,42:0,"Cer(t18:0/24:0(2OH))","N-acyl-4-hydroxysphinganines (phytoceramides)",,"SP"
141,LMSP02030022,FDTBNEUMLZRTDJ-KGXKBISVSA-N,684.6507,20.96,[M+H]+,42:0,"Cer(t20:0/22:0(2OH))","N-acyl-4-hydroxysphinganines (phytoceramides)",,"SP"
142,LMSP03010053,YFAPMGSREHKRHM-IOLBBIBUSA-N,733.6157,20.99,[M+H]+,36:0,"SM(d16:0/20:0)","Ceramide phosphocholines (sphingomyelins)",,"SP"
142,LMSP03010020,JCELSEVNSMXGKA-IOLBBIBUSA-N,733.6157,20.99,[M+H]+,36:0,"SM(d18:0/18:0)","Ceramide phosphocholines (sphingomyelins)",,"SP"
142,LMSP03010054,MFSIVYFLTVWNCY-IOLBBIBUSA-N,733.6157,20.99,[M+H]+,36:0,"SM(d19:0/17:0)","Ceramide phosphocholines (sphingomyelins)",,"SP"
143,LMSP03010023,XZBDYCJQWJNNJB-CFLZVKAOSA-N,837.6829,21.00,[M+Na]+,42:1,"SM(d18:0/24:1(15Z))","Ceramide phosphocholines (sphingomyelins)",,"SP"
143,LMSP03010008,QEDPUVGSSDPBMD-XTAIVQBESA-N,837.6829,21.00,[M+Na]+,42:1,"SM(d18:1/24:0)","Ceramide phosphocholines (sphingomyelins)",,"SP"
144,LMSP03010023,XZBDYCJQWJNNJB-CFLZVKAOSA-N,815.7011,21.00,[M+H]+,42:1,"SM(d18:0/24:1(15Z))","Ceramide phosphocholines (sphingomyelins)",,"SP"
144,LMSP03010008,QEDPUVGSSDPBMD-XTAIVQBESA-N,815.7011,21.00,[M+H]+,42:1,"SM(d18:1/24:0)","Ceramide phosphocholines (sphingomyelins)",,"SP"
145,LMSP03010065,DZDNLWWCTCDASI-QVDCKBILSA-N,773.6536,21.01,[M+H]+,39:1,"SM(d16:1/23:0)","Ceramide phosphocholines (sphingomyelins)",,"SP"
145,LMSP03010066,BEHLQMQPYDCEFC-QVDCKBILSA-N,773.6536,21.01,[M+H]+,39:1,"SM(d17:1/22:0)","Ceramide phosphocholines (sphingomyelins)",,"SP"
145,LMSP03010067,YXSZOBWVQJIWNE-QVDCKBILSA-N,773.6536,21.01,[M+H]+,39:1,"SM(d18:1/21:0)","Ceramide phosphocholines (sphingomyelins)",,"SP"
145,LMSP03010068,JZLHFUHATYARJO-QVDCKBILSA-N,773.6536,21.01,[M+H]+,39:1,"SM(d19:1/20:0)","Ceramide phosphocholines (sphingomyelins)",,"SP"
145,LMSP03010069,FLTXAPKFZKCZJQ-QVDCKBILSA-N,773.6536,21.01,[M+H]+,39:1,"SM(d20:1/19:0)","Ceramide phosphocholines (sphingomyelins)",,"SP"
146,LMSP00000013,XBNZFPFCTSJHRI-FIIAPBGQSA-N,634.6505,21.07,[M+H]+,42:1,"Cer(m18:0/24:1(15Z))","Other Sphingolipids",,"SP"
147,LMSP02010021,NAJHAHQNQCNWOP-PUYNVXOJSA-N,636.6297,21.07,[M+H]+,41:1,"Cer(d18:1/23:0)","N-acylsphingosines (ceramides)",,"SP"
148,LMSP02020010,SXPRAKSDHOEHIG-ZESVVUHVSA-N,624.6299,21.17,[M+H]+,40:0,"Cer(d18:0/22:0)","N-acylsphinganines (dihydroceramides)",,"SP"
149,LMSP02020033,DGORBCXEWSENPF-MOKHYRRWSA-N,668.6563,21.22,[M+H]+,42:0,"Cer(d18:0/24:0(2OH))","N-acylsphinganines (dihydroceramides)",,"SP"
149,LMSP02020017,ZQGNZSWBCQGWAO-WVILEFPPSA-N,668.6563,21.22,[M+H]+,42:0,"Cer(d18:0/h24:0)","N-acylsphinganines (dihydroceramides)",,"SP"
150,LMSP03010027,JONXXLXMISNQNG-BXMSAMRLSA-N,851.6986,21.27,[M+Na]+,43:1,"SM(d18:1/25:0)","Ceramide phosphocholines (sphingomyelins)",,"SP"
150,LMSP03010085,LXMARZYBSFYVSY-KUQVZNNZSA-N,851.6986,21.27,[M+Na]+,43:1,"SM(d19:0/24:1)","Ceramide phosphocholines (sphingomyelins)",,"SP"
150,LMSP03010086,DEAHJYCNYIJKGM-BXMSAMRLSA-N,851.6986,21.27,[M+Na]+,43:1,"SM(d19:1/24:0)","Ceramide phosphocholines (sphingomyelins)",,"SP"
150,LMSP03010087,BIVDVQLKILWMLN-BXMSAMRLSA-N,851.6986,21.27,[M+Na]+,43:1,"SM(d20:1/23:0)","Ceramide phosphocholines (sphingomyelins)",,"SP"
151,LMSP03010027,JONXXLXMISNQNG-BXMSAMRLSA-N,829.7159,21.27,[M+H]+,43:1,"SM(d18:1/25:0)","Ceramide phosphocholines (sphingomyelins)",,"SP"
151,LMSP03010085,LXMARZYBSFYVSY-KUQVZNNZSA-N,829.7159,21.27,[M+H]+,43:1,"SM(d19:0/24:1)","Ceramide phosphocholines (sphingomyelins)",,"SP"
151,LMSP03010086,DEAHJYCNYIJKGM-BXMSAMRLSA-N,829.7159,21.27,[M+H]+,43:1,"SM(d19:1/24:0)","Ceramide phosphocholines (sphingomyelins)",,"SP"
151,LMSP03010087,BIVDVQLKILWMLN-BXMSAMRLSA-N,829.7159,21.27,[M+H]+,43:1,"SM(d20:1/23:0)","Ceramide phosphocholines (sphingomyelins)",,"SP"
152,LMSP02010021,NAJHAHQNQCNWOP-PUYNVXOJSA-N,636.6300,21.30,[M+H]+,41:1,"Cer(d18:1/23:0)","N-acylsphingosines (ceramides)",,"SP"
153,LMSP03010024,SMJLGESYPKPRNU-CRCOQUFZSA-N,817.7146,21.38,[M+H]+,42:0,"SM(d18:0/24:0)","Ceramide phosphocholines (sphingomyelins)",,"SP"
154,LMSP03010027,JONXXLXMISNQNG-BXMSAMRLSA-N,851.6985,21.45,[M+Na]+,43:1,"SM(d18:1/25:0)","Ceramide phosphocholines (sphingomyelins)",,"SP"
154,LMSP03010085,LXMARZYBSFYVSY-KUQVZNNZSA-N,851.6985,21.45,[M+Na]+,43:1,"SM(d19:0/24:1)","Ceramide phosphocholines (sphingomyelins)",,"SP"
154,LMSP03010086,DEAHJYCNYIJKGM-BXMSAMRLSA-N,851.6985,21.45,[M+Na]+,43:1,"SM(d19:1/24:0)","Ceramide phosphocholines (sphingomyelins)",,"SP"
154,LMSP03010087,BIVDVQLKILWMLN-BXMSAMRLSA-N,851.6985,21.45,[M+Na]+,43:1,"SM(d20:1/23:0)","Ceramide phosphocholines (sphingomyelins)",,"SP"
155,LMSP00000016,ILZRBDCCCUQGLC-ZESVVUHVSA-N,608.6350,21.46,[M+H]+,40:0,"Cer(m18:0/22:0)","Other Sphingolipids",,"SP"
156,LMSP00000008,SPBLYZJOQAUPPY-JGWXTICHSA-N,634.6500,21.46,[M+H]+,42:1,"Cer(m18:1(4E)/24:0)","Other Sphingolipids",,"SP"
157,LMSP03010027,JONXXLXMISNQNG-BXMSAMRLSA-N,829.7158,21.50,[M+H]+,43:1,"SM(d18:1/25:0)","Ceramide phosphocholines (sphingomyelins)",,"SP"
157,LMSP03010085,LXMARZYBSFYVSY-KUQVZNNZSA-N,829.7158,21.50,[M+H]+,43:1,"SM(d19:0/24:1)","Ceramide phosphocholines (sphingomyelins)",,"SP"
157,LMSP03010086,DEAHJYCNYIJKGM-BXMSAMRLSA-N,829.7158,21.50,[M+H]+,43:1,"SM(d19:1/24:0)","Ceramide phosphocholines (sphingomyelins)",,"SP"
157,LMSP03010087,BIVDVQLKILWMLN-BXMSAMRLSA-N,829.7158,21.50,[M+H]+,43:1,"SM(d20:1/23:0)","Ceramide phosphocholines (sphingomyelins)",,"SP"
158,LMSP02010010,RBWQERGGVBSKJY-BWFPRIDFSA-N,676.6611,21.55,[M+H]+,44:2,"Cer(d18:1/26:1(17Z))","N-acylsphingosines (ceramides)",,"SP"
159,LMSP02010012,ZJVVOYPTFQEGPH-AUTSUKAISA-N,650.6451,21.61,[M+H]+,42:1,"Cer(d18:1/24:0)","N-acylsphingosines (ceramides)",,"SP"
160,LMSP02010012,ZJVVOYPTFQEGPH-AUTSUKAISA-N,650.6450,21.74,[M+H]+,42:1,"Cer(d18:1/24:0)","N-acylsphingosines (ceramides)",,"SP"
161,LMSP02010010,RBWQERGGVBSKJY-BWFPRIDFSA-N,676.6615,21.76,[M+H]+,44:2,"Cer(d18:1/26:1(17Z))","N-acylsphingosines (ceramides)",,"SP"
162,LMSP02010010,RBWQERGGVBSKJY-BWFPRIDFSA-N,676.6594,21.76,[M+H]+,44:2,"Cer(d18:1/26:1(17Z))","N-acylsphingosines (ceramides)",,"SP"
163,LMSP02030003,XNLFLZXNXQVPII-YIWOKQJZSA-N,712.6821,21.86,[M+H]+,44:0,"Cer(t18:0/26:0(2OH))","N-acyl-4-hydroxysphinganines (phytoceramides)",,"SP"
163,LMSP02030023,INIZVBFJIBJZHK-YIWOKQJZSA-N,712.6821,21.86,[M+H]+,44:0,"Cer(t20:0/24:0(2OH))","N-acyl-4-hydroxysphinganines (phytoceramides)",,"SP"
164,LMSP03010025,GJNFQXJWAFBKPJ-DMATYJAJSA-N,843.7317,21.97,[M+H]+,44:1,"SM(d18:0/26:1(17Z))","Ceramide phosphocholines (sphingomyelins)",,"SP"
164,LMSP03010010,VRAWSAPVSSLIRI-MVUJCARGSA-N,843.7317,21.97,[M+H]+,44:1,"SM(d18:1/26:0)","Ceramide phosphocholines (sphingomyelins)",,"SP"
164,LMSP03010088,JWKOQODXKXAOQW-ALKNTWKZSA-N,843.7317,21.97,[M+H]+,44:1,"SM(d20:0/24:1)","Ceramide phosphocholines (sphingomyelins)",,"SP"
165,LMSP02020012,BPLYVSYSBPLDOA-WVILEFPPSA-N,652.6612,22.04,[M+H]+,42:0,"Cer(d18:0/24:0)","N-acylsphinganines (dihydroceramides)",,"SP"
166,LMSP02020039,RZJNRDSXESJUNA-WJYGDXIFSA-N,696.6871,22.09,[M+H]+,44:0,"Cer(d20:0/24:0(2OH))","N-acylsphinganines (dihydroceramides)",,"SP"
167,LMSP00000015,PTDCLRQOABWOQP-WVILEFPPSA-N,636.6662,22.10,[M+H]+,42:0,"Cer(m18:0/24:0)","Other Sphingolipids",,"SP"
168,LMSP00000015,PTDCLRQOABWOQP-WVILEFPPSA-N,636.6659,22.28,[M+H]+,42:0,"Cer(m18:0/24:0)","Other Sphingolipids",,"SP"
169,LMSP03010042,OQCPQFVKIYWGRP-GWQJGLRPSA-N,703.5678,22.49,[M+H]+,34:1,"SM(d16:1/18:0)","Ceramide phosphocholines (sphingomyelins)",,"SP"
169,LMSP03010043,VJLGWXPICWQEGB-GWQJGLRPSA-N,703.5678,22.49,[M+H]+,34:1,"SM(d17:1/17:0)","Ceramide phosphocholines (sphingomyelins)",,"SP"
169,LMSP03010003,RWKUXQNLWDTSLO-GWQJGLRPSA-N,703.5678,22.49,[M+H]+,34:1,"SM(d18:1/16:0)","Ceramide phosphocholines (sphingomyelins)",,"SP"
170,LMSP02030024,CUUCRKRHESTOAG-NKRIFVGSSA-N,740.7122,22.65,[M+H]+,46:0,"Cer(t20:0/26:0(2OH))","N-acyl-4-hydroxysphinganines (phytoceramides)",,"SP"
171,LMSP03010070,FMJPKVXVBYILLP-FTRJIJDXSA-N,783.6488,22.73,[M+H]+,40:3,"SM(d18:2/22:1)","Ceramide phosphocholines (sphingomyelins)",,"SP"
172,LMSP03010007,WKZHECFHXLTOLJ-QYKFWSDSSA-N,835.6788,22.74,[M+Na]+,42:2,"SM(d18:1/24:1(15Z))","Ceramide phosphocholines (sphingomyelins)",,"SP"
172,LMSP03010081,DACOGJMBYLZYDH-GXJPFUDISA-N,835.6788,22.74,[M+Na]+,42:2,"SM(d18:2/24:0)","Ceramide phosphocholines (sphingomyelins)",,"SP"
173,LMSP03010042,OQCPQFVKIYWGRP-GWQJGLRPSA-N,703.5669,22.75,[M+H]+,34:1,"SM(d16:1/18:0)","Ceramide phosphocholines (sphingomyelins)",,"SP"
173,LMSP03010043,VJLGWXPICWQEGB-GWQJGLRPSA-N,703.5669,22.75,[M+H]+,34:1,"SM(d17:1/17:0)","Ceramide phosphocholines (sphingomyelins)",,"SP"
173,LMSP03010003,RWKUXQNLWDTSLO-GWQJGLRPSA-N,703.5669,22.75,[M+H]+,34:1,"SM(d18:1/16:0)","Ceramide phosphocholines (sphingomyelins)",,"SP"
174,LMSP02030014,XXCJZFVZHPNILU-DTLWHLCPSA-N,724.7179,22.82,[M+H]+,46:0,"Cer(t20:0/26:0)","N-acyl-4-hydroxysphinganines (phytoceramides)",,"SP"
175,LMSP03010071,FOULCGVQZYQEQM-DNXGLLHMSA-N,785.6633,23.11,[M+H]+,40:2,"SM(d16:1/24:1)","Ceramide phosphocholines (sphingomyelins)",,"SP"
175,LMSP03010072,VBFKEZGCUWHGSK-ADSSWVSQSA-N,785.6633,23.11,[M+H]+,40:2,"SM(d18:1/22:1)","Ceramide phosphocholines (sphingomyelins)",,"SP"
175,LMSP03010092,APNZBDYCMWLVNM-NWHASJFHSA-N,785.6633,23.11,[M+H]+,40:2,"SM(d18:2/22:0)","Ceramide phosphocholines (sphingomyelins)",,"SP"
176,LMSP03010061,XNBRFUCJENKXCT-SVLGDMRNSA-N,759.6478,23.14,[M+H]+,38:1,"SM(d16:1/22:0)","Ceramide phosphocholines (sphingomyelins)",,"SP"
176,LMSP03010005,AADLTHQNYQJHQV-SVLGDMRNSA-N,759.6478,23.14,[M+H]+,38:1,"SM(d18:1/20:0)","Ceramide phosphocholines (sphingomyelins)",,"SP"
177,LMSP02020028,VPEAVPNLCFWDRE-YWPUXERESA-N,708.7242,23.37,[M+H]+,46:0,"Cer(d20:0/26:0)","N-acylsphinganines (dihydroceramides)",,"SP"
178,LMSP03010007,WKZHECFHXLTOLJ-QYKFWSDSSA-N,813.6856,24.96,[M+H]+,42:2,"SM(d18:1/24:1(15Z))","Ceramide phosphocholines (sphingomyelins)",,"SP"
178,LMSP03010081,DACOGJMBYLZYDH-GXJPFUDISA-N,813.6856,24.96,[M+H]+,42:2,"SM(d18:2/24:0)","Ceramide phosphocholines (sphingomyelins)",,"SP"
179,LMSP03010007,WKZHECFHXLTOLJ-QYKFWSDSSA-N,813.6877,27.52,[M+H]+,42:2,"SM(d18:1/24:1(15Z))","Ceramide phosphocholines (sphingomyelins)",,"SP"
179,LMSP03010081,DACOGJMBYLZYDH-GXJPFUDISA-N,813.6877,27.52,[M+H]+,42:2,"SM(d18:2/24:0)","Ceramide phosphocholines (sphingomyelins)",,"SP"
